Angle,Azimuth,H RCS (f = 180 MHz),H RCS (f = 350 MHz),V RCS (f=180 MHz),V RCS (f=350 MHz),missile
89.01014736,0,2.051399607,2.66E-25,3.804121168,9.19E-25,agm86c
90.54658416,0.5,1.734656467,0.002213781,3.744950163,0.000422693,agm86c
93.68004879,1,1.272543081,0.012692265,3.539431155,0.005275043,agm86c
91.80246483,1.5,1.544475353,0.022688769,3.547722193,0.006401292,agm86c
95.5827018,2,0.975897964,0.063333988,3.229333247,0.033436973,agm86c
90.39303196,2.5,1.770929215,0.052958475,3.329180809,0.009398871,agm86c
94.68396326,3,1.128153333,0.12597167,3.031302944,0.060449116,agm86c
91.43188842,3.5,1.611061582,0.113402393,2.997967075,0.028635059,agm86c
89.73129015,4,1.924065762,0.121146222,2.872053155,0.015354122,agm86c
90.1785073,4.5,1.840863958,0.157208433,2.746566757,0.024357388,agm86c
96.90806779,5,0.81042829,0.438705501,2.624940649,0.258866724,agm86c
89.95263786,5.5,1.915609457,0.219134047,2.620086261,0.029094689,agm86c
89.07138132,6,2.164706459,0.233921952,2.622484047,0.016813399,agm86c
93.25331327,6.5,1.396494501,0.440541763,2.828869548,0.171448132,agm86c
93.81411307,7,1.330544496,0.539661231,3.055113998,0.231430608,agm86c
90.32999586,7.5,1.916346527,0.379144172,3.207238145,0.05524465,agm86c
92.60628714,8,1.539084939,0.564551316,3.698662718,0.189844042,agm86c
89.45644718,8.5,2.21360882,0.416696703,3.988901111,0.029056702,agm86c
95.26655336,9,1.207916525,0.992737503,4.933627119,0.512583067,agm86c
93.15900926,9.5,1.533683508,0.788458529,5.505357735,0.295256328,agm86c
96.00774577,10,1.168514889,1.289063776,6.457554618,0.709447806,agm86c
96.64719865,10.5,1.120838276,1.50813916,7.349334168,0.867249309,agm86c
93.31473202,11,1.619038179,0.978798283,8.132830642,0.368097128,agm86c
92.69659065,11.5,1.759189323,0.935986632,9.109719853,0.297094303,agm86c
95.89775625,12,1.362160768,1.617199553,10.32620229,0.863029083,agm86c
95.23726651,12.5,1.503468514,1.534552266,11.41556444,0.758501591,agm86c
96.97436515,13,1.347310356,2.060930479,12.46134517,1.171165321,agm86c
93.89194151,13.5,1.809864012,1.336884576,13.66443319,0.518607303,agm86c
91.12971125,14,2.42392825,0.912363277,14.63662541,0.109415167,agm86c
95.72095306,14.5,1.71999833,1.899478398,15.78381389,0.931634127,agm86c
92.00685855,15,2.387459034,1.086838809,16.9357583,0.192780666,agm86c
94.41749419,15.5,2.059599286,1.615322867,17.90241887,0.615737651,agm86c
89.07053681,16,3.724740741,0.969827015,18.48509187,0.025183078,agm86c
91.20709787,16.5,2.929826099,1.078598184,19.69953529,0.07413601,agm86c
93.70329374,17,2.476357872,1.509269636,20.36576352,0.406096774,agm86c
95.70086095,17.5,2.32773919,2.066603589,20.40905152,0.832242698,agm86c
92.87944467,18,2.870066245,1.379402534,21.46770928,0.212780686,agm86c
94.9498214,18.5,2.6650027,1.852498621,21.22685821,0.567254462,agm86c
92.66380594,19,3.183684437,1.385296993,21.89673952,0.136106748,agm86c
94.9553487,19.5,2.93230172,1.843318616,21.14564442,0.47097375,agm86c
93.79233038,20,3.23780328,1.58910968,21.31811047,0.220754489,agm86c
94.88003148,20.5,3.220685796,1.799965332,20.40784853,0.349439845,agm86c
93.57918978,21,3.555250829,1.564883579,20.34052621,0.125035379,agm86c
90.2124573,21.5,4.726087266,1.553210815,19.97748683,0.175336839,agm86c
92.40131906,22,4.081024887,1.507818197,18.96775751,0.039808333,agm86c
93.13696044,22.5,4.038621449,1.556436721,17.67097303,0.040303809,agm86c
95.01229139,23,3.870845994,1.716706,15.53743523,0.115284816,agm86c
90.35196711,23.5,5.090217773,1.802584934,15.43290327,0.376629476,agm86c
92.93507411,24,4.394133288,1.615477492,13.69320557,0.072685507,agm86c
94.59802363,24.5,4.208019924,1.633049208,11.48105134,0.031006408,agm86c
90.18016347,25,5.286091216,2.034309945,10.83523396,0.68755057,agm86c
90.13278933,25.5,5.293965061,2.108369455,9.225877021,0.813040747,agm86c
94.54304273,26,4.33126928,1.622600553,6.941184073,0.089223554,agm86c
92.4123707,26.5,4.628629239,1.826331671,6.06545809,0.45596553,agm86c
96.7328328,27,4.086004532,1.541502229,3.378353695,0.03822811,agm86c
90.22604425,27.5,4.931425877,2.311236577,3.377696197,1.324820307,agm86c
95.57338428,28,4.012784551,1.57908872,1.778379933,0.238587378,agm86c
90.53080515,28.5,4.520360581,2.333866774,1.32870902,1.536513842,agm86c
95.53746954,29,3.720822823,1.615057142,0.537057677,0.447871252,agm86c
90.24450779,29.5,4.107480449,2.455236978,0.176716421,1.978891797,agm86c
94.85605605,30,3.367714636,1.760674785,0.22233125,0.840777246,agm86c
91.23671111,30.5,3.447968784,2.334900155,0.179208881,1.984788547,agm86c
94.4579482,31,2.893429886,1.902331582,0.886347828,1.253275803,agm86c
94.77526252,31.5,2.588432838,1.912814259,1.701994597,1.354144134,agm86c
89.98422065,32,2.643732377,2.551596527,2.403538931,2.92080556,agm86c
95.67725466,32.5,1.93612337,1.927156048,4.203174095,1.508279018,agm86c
93.13614818,33,1.868850906,2.236138915,5.104124596,2.277226689,agm86c
92.40969352,33.5,1.656129342,2.330514138,6.687334594,2.628194319,agm86c
96.59470736,34,1.078250533,2.054330348,9.159330429,1.820460382,agm86c
93.3963247,34.5,1.158111065,2.306440127,10.31096944,2.63961998,agm86c
92.77377319,35,1.043522739,2.354455492,12.17952126,2.899351623,agm86c
95.77571213,35.5,0.71937844,2.272117249,14.02540712,2.349975918,agm86c
92.64874802,36,0.892445302,2.361281424,15.81767092,3.074965531,agm86c
96.86359809,36.5,0.649555901,2.3377332,16.96766449,2.320665393,agm86c
94.91346857,37,0.846512473,2.350081161,18.39381697,2.693967689,agm86c
90.56805696,37.5,1.216037004,2.264292567,21.06206067,3.50698743,agm86c
95.71542911,38,1.206184993,2.350460136,20.08524876,2.563158302,agm86c
93.0072974,38.5,1.513573887,2.225050462,21.75236951,2.957204326,agm86c
89.21996938,39,1.922552513,2.049651988,24.21912222,3.449150684,agm86c
93.58057874,39.5,2.147536831,2.123379519,22.0770733,2.696222777,agm86c
93.25053566,40,2.500779835,2.028771673,22.16552351,2.627462511,agm86c
95.74429364,40.5,3.140135032,2.083040335,20.37744838,2.199833363,agm86c
94.26079049,41,3.370213526,1.894724542,20.75251693,2.239123744,agm86c
95.73709065,41.5,4.042907607,1.882813264,19.15575318,1.950663771,agm86c
89.87957595,42,3.407034162,1.501844733,21.64648379,2.348255557,agm86c
91.51268092,42.5,3.839377408,1.425411326,20.00356626,2.026085383,agm86c
91.28865632,43,3.934964153,1.299342243,19.21867616,1.86680203,agm86c
90.12224928,43.5,3.705651441,1.158399354,18.80600424,1.765663934,agm86c
95.67693066,44,5.514998547,1.259258016,15.34845616,1.289723664,agm86c
93.80194023,44.5,4.82616453,1.027295139,15.71184073,1.255687635,agm86c
91.02176379,45,3.688209189,0.829604783,16.26724338,1.240126539,agm86c
89.01295435,45.5,2.755543822,0.718378548,16.28383462,1.159313023,agm86c
95.44991519,46,5.145249163,0.775856247,13.61104298,0.906618793,agm86c
90.68459854,46.5,2.776153578,0.54257734,15.17312314,0.894356485,agm86c
93.42554059,47,3.594663029,0.513207786,14.09050404,0.792072602,agm86c
89.91026721,47.5,1.851274583,0.401180375,14.99552418,0.728338182,agm86c
95.01774564,48,3.613448358,0.436420755,13.22537506,0.718635469,agm86c
93.34743015,48.5,2.505017242,0.3364083,13.78793282,0.663856184,agm86c
92.49370164,49,1.869596731,0.284742939,13.92531802,0.620984438,agm86c
94.56965096,49.5,2.380523344,0.300043152,12.94592072,0.668597538,agm86c
92.49346495,50,1.427512697,0.237668842,13.38660122,0.586771266,agm86c
93.62293275,50.5,1.614119649,0.242113767,12.60533279,0.624648451,agm86c
94.02933598,51,1.623910286,0.242337183,11.94904506,0.643648072,agm86c
93.03319409,51.5,1.330420295,0.218566476,11.64846361,0.590982365,agm86c
94.56614374,52,1.704383986,0.251456198,10.45960353,0.678981167,agm86c
90.51961327,52.5,1.164262192,0.180523248,10.47525501,0.454542641,agm86c
90.42700077,53,1.304818219,0.17593342,9.543406049,0.44260475,agm86c
92.65966748,53.5,1.616485778,0.211807007,8.424947962,0.551599787,agm86c
89.78018192,54,1.562111658,0.162228829,7.587334479,0.406994489,agm86c
89.75523382,54.5,1.656273761,0.161390188,6.645838057,0.407387371,agm86c
96.45191612,55,2.648792966,0.357851519,5.383197068,0.798213178,agm86c
96.15680908,55.5,2.626142198,0.349748876,4.800101566,0.754873604,agm86c
90.81854713,56,1.769974266,0.194781824,4.352656665,0.461476821,agm86c
92.28569384,56.5,1.887264635,0.234309368,3.811749027,0.511364547,agm86c
94.02456155,57,2.086255546,0.287509773,3.33534544,0.569483309,agm86c
92.61290682,57.5,1.723378905,0.264790498,2.909243326,0.520191516,agm86c
93.78262566,58,1.766465245,0.297110622,2.592999799,0.534429081,agm86c
95.8383371,58.5,1.961940206,0.340933866,2.337130449,0.552259347,agm86c
93.99822287,59,1.422289853,0.312511775,2.085720676,0.500057412,agm86c
93.52597049,59.5,1.149618824,0.314819826,1.889939904,0.482280695,agm86c
90.47430124,60,0.636911893,0.354859493,1.756420137,0.566950422,agm86c
93.44113893,60.5,0.768002426,0.320185891,1.614437535,0.434739096,agm86c
90.94291722,61,0.457705576,0.375809871,1.575509416,0.523391518,agm86c
93.83781701,61.5,0.488751105,0.303731016,1.496726738,0.350960547,agm86c
93.67684358,62,0.364552794,0.298191401,1.526038403,0.318374668,agm86c
92.95558603,62.5,0.274206867,0.31126122,1.640192597,0.313261511,agm86c
94.92593067,63,0.187691776,0.229072769,1.833647534,0.178515468,agm86c
93.96305935,63.5,0.159332331,0.247336755,2.141977354,0.179306568,agm86c
95.43607156,64,0.102820864,0.17445442,2.575383031,0.086432882,agm86c
93.60836614,64.5,0.158406499,0.233707624,3.130652502,0.118204343,agm86c
96.2923864,65,0.156615842,0.11119115,3.78023962,0.019222291,agm86c
94.82129961,65.5,0.238756245,0.15553947,4.539166052,0.029888664,agm86c
94.34227942,66,0.324634047,0.167340376,5.401525452,0.022660814,agm86c
91.52015849,66.5,0.38210366,0.312965622,6.626729387,0.060217561,agm86c
91.44657566,67,0.476205738,0.315566888,7.612678177,0.039524844,agm86c
89.86862037,67.5,0.576593427,0.414595897,8.894970216,0.045924975,agm86c
95.80975202,68,0.904190848,0.082750402,8.54652476,0.00737263,agm86c
90.23909348,68.5,0.842006126,0.387194503,10.32469732,0.013376757,agm86c
89.63478433,69,0.982003866,0.418903115,10.92996032,0.009676995,agm86c
94.12788574,69.5,1.075016971,0.153986989,10.01259951,0.004926477,agm86c
93.36070514,70,1.082345144,0.191060748,10.11545905,0.003115442,agm86c
92.27180145,70.5,1.073700987,0.242485857,10.00643578,0.001164457,agm86c
92.7244876,71,0.98443199,0.215109501,9.278468583,0.001938495,agm86c
90.22127027,71.5,0.972146802,0.31016989,8.768158873,0.000511781,agm86c
94.90388522,72,0.586994442,0.138300263,7.020344982,0.003438146,agm86c
95.61351539,72.5,0.366733533,0.133125299,5.807029558,0.00186437,agm86c
95.98674927,73,0.183915015,0.14381646,4.619238963,0.000319909,agm86c
91.40062109,73.5,0.131803654,0.228218348,3.702581345,0.008591642,agm86c
90.01783831,74,0.032374213,0.232714407,2.493852027,0.026180653,agm86c
95.27966908,74.5,0.092528986,0.209389358,1.59095293,0.00899153,agm86c
93.87718654,75,0.218737442,0.226968004,0.868179584,0.018172716,agm86c
89.57833877,75.5,0.384126112,0.215595909,0.248801648,0.078604996,agm86c
94.23079153,76,1.013551667,0.245925639,0.102080187,0.034463638,agm86c
89.83850221,76.5,1.40578576,0.215927274,0.061390106,0.106233116,agm86c
90.81672126,77,2.103290168,0.222225445,0.23132328,0.092830866,agm86c
96.3597537,77.5,3.05050295,0.262281969,0.35090408,0.065809986,agm86c
94.30227406,78,3.538224491,0.240161549,0.670025685,0.060588818,agm86c
92.94027811,78.5,4.073502698,0.219220176,0.973640487,0.069049493,agm86c
92.97455892,79,4.449060493,0.207637859,1.120688686,0.067373424,agm86c
93.07406796,79.5,4.585460585,0.195223681,1.12583352,0.062939239,agm86c
94.50525687,80,4.318096644,0.18891842,0.962974643,0.05578428,agm86c
93.85019413,80.5,3.985321684,0.171565321,0.74404537,0.04912391,agm86c
89.04729196,81,3.658656211,0.163944154,0.347867324,0.131659155,agm86c
89.80508375,81.5,2.797415697,0.151156508,0.140415002,0.091624687,agm86c
95.90588171,82,1.574565119,0.134474037,0.454119087,0.053251569,agm86c
94.97863694,82.5,0.957441784,0.117346188,0.872939567,0.034735418,agm86c
92.04096322,83,0.478624097,0.108910168,1.908137599,0.023867184,agm86c
93.42245046,83.5,0.356577438,0.086764346,3.756759426,0.014717593,agm86c
96.64566182,84,1.036076485,0.05864866,6.208641677,0.043129429,agm86c
90.41268902,84.5,1.840636827,0.085896982,11.27894088,0.024670277,agm86c
90.05315997,85,3.862123578,0.079335537,16.73209897,0.025516118,agm86c
96.6136748,85.5,6.308576717,0.004909685,19.36268267,0.019420057,agm86c
89.22273678,86,10.79460747,0.078591529,30.98450062,0.033620734,agm86c
89.44742168,86.5,15.16788348,0.071892393,38.60816697,0.033086992,agm86c
90.05318531,87,19.67101655,0.068474046,45.90631784,0.032921829,agm86c
95.91445236,87.5,20.71796419,0.071181702,46.38055767,0.018568832,agm86c
94.7731577,88,25.44104808,0.124305799,54.30188205,0.033616676,agm86c
89.11746252,88.5,36.25400576,0.17545921,68.43709044,0.083800028,agm86c
94.6632366,89,32.82013456,0.294018312,64.82384261,0.077105732,agm86c
90.74049462,89.5,41.35885013,0.325860196,73.89863749,0.121859278,agm86c
90.35147072,90,44.27675726,0.408003006,75.75070663,0.148020951,agm86c
91.72786118,90.5,42.8471244,0.546834546,73.19462407,0.164098106,agm86c
91.94059106,91,42.23516393,0.658379688,70.52160504,0.178993437,agm86c
95.4191423,91.5,34.81004935,0.910970698,62.42737562,0.164124416,agm86c
93.21230739,92,36.25323131,0.905899621,59.67872557,0.17673552,agm86c
95.38547377,92.5,29.62576808,1.089810422,51.4430302,0.149331034,agm86c
90.15860111,93,33.68266514,0.854007726,47.96407341,0.157941937,agm86c
92.21930022,93.5,26.49610361,1.009358154,39.12807058,0.115962,agm86c
90.09249394,94,24.40157901,0.895037098,32.23746411,0.092174715,agm86c
89.52940132,94.5,20.30056458,0.865129398,25.01473697,0.059816416,agm86c
93.58674372,95,13.05815662,1.097763213,18.07339873,0.033105549,agm86c
93.38433241,95.5,10.11273137,1.076231289,12.82720006,0.027828183,agm86c
91.49074966,96,8.577883044,0.974831966,8.591161929,0.017843672,agm86c
95.46414421,96.5,4.927186205,1.14257485,5.50120539,0.137107115,agm86c
91.27411819,97,5.437400314,0.98701528,3.253946735,0.094061164,agm86c
96.16181387,97.5,3.203251559,1.160716434,2.146125445,0.359048831,agm86c
94.95034551,98,3.611791235,1.15271164,1.58873441,0.437827344,agm86c
91.88912515,98.5,4.922184965,1.109140329,1.589814705,0.421758746,agm86c
90.82809169,99,5.799265847,1.117292911,1.952602068,0.498533773,agm86c
90.83551014,99.5,6.467563941,1.150707982,2.439559362,0.631993048,agm86c
93.33935176,100,6.221980693,1.208040328,2.770908975,0.928301575,agm86c
89.4304398,100.5,7.99471409,1.138700207,3.268569205,0.786669003,agm86c
93.19736982,101,6.983836205,1.161234171,3.163597186,1.135972848,agm86c
89.7573874,101.5,8.174316945,1.073373367,3.228665742,0.974595407,agm86c
96.1321369,102,5.701537947,0.997129945,2.610239572,1.425478764,agm86c
90.17239382,102.5,7.352782752,0.899569172,2.407402605,1.054669186,agm86c
96.45290042,103,4.82701676,0.755273287,1.680417253,1.36309567,agm86c
89.37672332,103.5,6.246279351,0.65218663,1.357613952,0.970350206,agm86c
91.69138542,104,4.946039482,0.514115997,0.802356387,0.973894062,agm86c
92.18882636,104.5,4.173642191,0.383888925,0.445264641,0.890811572,agm86c
96.56929618,105,2.606977657,0.239089472,0.159241287,0.862373138,agm86c
93.27388722,105.5,2.924829702,0.170667565,0.186929126,0.68060718,agm86c
94.54819279,106,2.301935776,0.092361395,0.246365541,0.564575799,agm86c
91.07324325,106.5,3.139105062,0.087191926,0.664823257,0.516972973,agm86c
93.20482294,107,2.473051215,0.050136781,0.858045566,0.386848379,agm86c
92.18951198,107.5,2.875247722,0.069826122,1.300072338,0.350352284,agm86c
93.68438846,108,2.492409991,0.078129888,1.539064661,0.244080346,agm86c
94.4721546,108.5,2.362060284,0.105974682,1.79031108,0.17132324,agm86c
92.48410405,109,3.177880641,0.170255275,2.2466491,0.210616004,agm86c
89.05760277,109.5,4.389579607,0.235842523,2.844285017,0.346332733,agm86c
93.81244779,110,2.838333749,0.2351185,2.417305179,0.103481429,agm86c
93.61331602,110.5,2.847816393,0.266005084,2.480799377,0.086813057,agm86c
90.77865796,111,3.414008998,0.297125519,2.764688014,0.155524706,agm86c
89.03428172,111.5,3.508691178,0.300441086,2.898534194,0.179212312,agm86c
89.6581201,112,2.959583099,0.298892067,2.708098439,0.111430836,agm86c
95.840592,112.5,1.766876697,0.294050507,2.090699037,0.003670279,agm86c
95.48844288,113,1.52758987,0.294723694,2.028535322,0.007004552,agm86c
94.53193425,113.5,1.267785142,0.296764445,1.987776588,0.009399021,agm86c
93.24113418,114,1.037181587,0.301183611,1.945635634,0.012254018,agm86c
90.14225817,114.5,1.094746465,0.305064591,1.962510715,0.009363498,agm86c
94.82318792,115,0.551117891,0.315474252,1.678869659,0.096388924,agm86c
89.24874723,115.5,0.987848229,0.349637853,1.663051613,0.062216999,agm86c
94.15617836,116,0.388993517,0.350406456,1.393344929,0.181455327,agm86c
89.68372851,116.5,1.00133367,0.411601519,1.240909695,0.171970039,agm86c
96.58302216,117,0.251320703,0.32583262,1.039212964,0.328716859,agm86c
91.19974247,117.5,1.025294545,0.431246889,0.782041427,0.307121013,agm86c
96.85415526,118,0.403248054,0.299184651,0.626708687,0.399727972,agm86c
91.33811583,118.5,1.313775876,0.414068856,0.394124012,0.397283307,agm86c
91.94035511,119,1.371839247,0.369954264,0.262815028,0.420293363,agm86c
90.7490615,119.5,1.598609989,0.362649813,0.209306664,0.440019034,agm86c
90.92444371,120,1.624009816,0.306974476,0.240117331,0.436247638,agm86c
96.21804356,120.5,1.401031495,0.126662417,0.287512327,0.340430551,agm86c
96.22105511,121,1.54692566,0.082606813,0.506060587,0.294633074,agm86c
89.64106008,121.5,1.426804382,0.166235404,1.023776819,0.400106153,agm86c
90.37450546,122,1.298257315,0.094043227,1.536495598,0.338042828,agm86c
95.2069996,122.5,1.602322934,0.004699239,2.008929631,0.15822674,agm86c
90.68517007,123,0.976773979,0.023030693,2.936237172,0.24940111,agm86c
89.03021255,123.5,0.671525711,0.03036811,3.778150541,0.287042919,agm86c
89.91245232,124,0.573740373,0.025915027,4.763217013,0.222378093,agm86c
91.489256,124.5,0.575492973,0.051185859,5.810628409,0.140930189,agm86c
89.30865529,125,0.303235839,0.077204381,6.884477712,0.214986273,agm86c
90.51422063,125.5,0.292526577,0.13169137,8.060679698,0.161094541,agm86c
90.22817878,126,0.236908397,0.17970271,9.215086439,0.169404857,agm86c
96.08299293,126.5,0.806394324,0.303253468,10.02113201,0.031293725,agm86c
90.56537589,127,0.250405271,0.283780808,11.50099654,0.158841858,agm86c
94.16446698,127.5,0.464017786,0.360958985,12.45360828,0.079346791,agm86c
96.27306041,128,0.748118196,0.394441191,13.23500615,0.065949591,agm86c
96.37027933,128.5,0.807165925,0.395985252,14.1547945,0.073138288,agm86c
90.20621004,129,0.467766875,0.356413009,15.17054325,0.131580679,agm86c
93.55625538,129.5,0.659209546,0.354559881,15.83607429,0.084487939,agm86c
96.54407728,130,1.132270585,0.316152502,16.18636955,0.0771725,agm86c
93.62854894,130.5,0.823950128,0.274525134,16.5876458,0.066775793,agm86c
91.04233324,131,0.624889273,0.227765145,16.46603992,0.056625442,agm86c
91.80201089,131.5,0.685814092,0.176025075,16.35286656,0.052660452,agm86c
95.36186438,132,1.273875798,0.119472002,16.38414276,0.076294997,agm86c
89.56235093,132.5,0.41292051,0.097724307,14.92569323,0.05932053,agm86c
93.72584739,133,0.889519623,0.04038886,14.88714436,0.11136555,agm86c
90.58133689,133.5,0.343523393,0.036164682,13.21601759,0.1429954,agm86c
94.15465193,134,0.821235481,0.00190587,12.9505916,0.205033402,agm86c
93.83439876,134.5,0.643058412,0.002132151,11.62598338,0.271867634,agm86c
92.53044054,135,0.31263758,0.024749953,9.879910398,0.365631049,agm86c
92.17232317,135.5,0.180685819,0.056943451,8.361425476,0.468062532,agm86c
93.73759755,136,0.277287356,0.070391433,7.466493623,0.533636361,agm86c
96.59567285,136.5,0.693446513,0.098074507,7.228714131,0.519142082,agm86c
92.13378599,137,0.026457564,0.193707892,4.290181587,0.804358864,agm86c
90.48264055,137.5,0.070221228,0.30981604,2.754636915,0.990181312,agm86c
93.59556691,138,0.02209512,0.24863524,2.520693558,0.942323344,agm86c
94.01872766,138.5,0.021787916,0.276494974,1.769333847,1.005414282,agm86c
89.39704237,139,0.446959332,0.54331419,0.457298497,1.38328464,agm86c
91.08164249,139.5,0.398769022,0.496906981,0.304594622,1.37118382,agm86c
96.1625269,140,0.022720851,0.279930666,0.677260958,1.042873687,agm86c
94.82761133,140.5,0.1971656,0.342817296,0.408684935,1.209242051,agm86c
92.14853452,141,0.667714324,0.506635054,0.678897205,1.453997049,agm86c
96.23078823,141.5,0.242495446,0.286368615,0.801596319,1.180509337,agm86c
92.10487562,142,0.944813165,0.515715476,1.91130592,1.490808404,agm86c
91.82854826,142.5,1.101138687,0.525986476,2.835253891,1.503532604,agm86c
94.96282626,143,0.79676125,0.336255928,2.907856494,1.351964624,agm86c
94.91531722,143.5,0.921379276,0.333273874,3.844808601,1.367877049,agm86c
90.60138491,144,1.441248854,0.536968542,6.473419566,1.459822994,agm86c
94.44358181,144.5,1.164151555,0.346462379,6.089037518,1.387800168,agm86c
91.94275333,145,1.409984607,0.433911784,8.301943541,1.361015719,agm86c
89.87522154,145.5,1.452956889,0.470411904,10.22728337,1.287419742,agm86c
90.62463817,146,1.407862576,0.424923623,10.99003964,1.239143452,agm86c
94.23863245,146.5,1.285272376,0.361346376,10.18321417,1.354178489,agm86c
94.50099864,147,1.254063508,0.370885796,10.84333628,1.357976893,agm86c
89.63649311,147.5,1.202371065,0.357261677,13.80014134,1.020776247,agm86c
89.2224988,148,1.113927306,0.330828615,14.46616269,0.939859871,agm86c
91.4579339,148.5,1.130226334,0.366403812,14.0143002,1.045703865,agm86c
90.14145382,149,1.028308965,0.327985875,14.75523543,0.902548623,agm86c
89.54288958,149.5,0.956706979,0.303363193,15.02339755,0.816691003,agm86c
94.79936492,150,1.068915287,0.547500461,12.90263781,1.272066749,agm86c
94.55215227,150.5,1.071682491,0.575648037,12.94808868,1.213627477,agm86c
94.23914648,151,1.092200964,0.598096829,12.89886915,1.144759854,agm86c
89.7865101,151.5,0.975902605,0.339118813,13.98212511,0.713593432,agm86c
89.39721058,152,1.009170456,0.330275648,13.58735656,0.663682766,agm86c
92.712395,152.5,1.261322806,0.601063112,12.30424255,0.885821831,agm86c
94.82288353,153,1.406293363,0.845348204,11.27066992,1.022064244,agm86c
94.43937812,153.5,1.550285685,0.862803288,10.93643029,0.936890651,agm86c
91.97690152,154,1.628234696,0.650234006,10.95196193,0.726046328,agm86c
89.3998559,154.5,1.593390505,0.447888123,10.77995061,0.585033801,agm86c
90.35646016,155,1.851478379,0.565906395,10.19539498,0.598833938,agm86c
91.48456652,155.5,2.149745459,0.725529816,9.692032008,0.605544829,agm86c
90.69978562,156,2.274101771,0.679814116,9.424546675,0.559217451,agm86c
92.8771995,156.5,2.715025295,1.013842198,9.095899533,0.568434302,agm86c
92.51892281,157,2.914032253,1.019299421,8.998468179,0.522098466,agm86c
93.84759729,157.5,3.281150716,1.307886814,8.991739132,0.504049518,agm86c
92.20858149,158,3.336885718,1.088831768,9.062889681,0.448320979,agm86c
95.74119685,158.5,3.897456137,1.869068322,9.410095002,0.459941585,agm86c
93.9865716,159,4.024856547,1.560143656,9.623461467,0.384417648,agm86c
89.42787179,159.5,3.441295386,0.82993386,9.737012375,0.421456246,agm86c
95.90829755,160,4.654550653,2.190338208,10.67921017,0.342248931,agm86c
91.45124126,160.5,4.204385152,1.24089635,10.74836238,0.314451949,agm86c
89.21377259,161,3.839168762,0.923281213,11.14646154,0.374772933,agm86c
92.12939908,161.5,4.664422259,1.480977736,11.95899986,0.253101816,agm86c
89.24840227,162,4.078965834,1.001545277,12.32401691,0.336260914,agm86c
95.86350995,162.5,5.612545218,2.561748394,13.78262113,0.210828143,agm86c
92.21526545,163,5.046707917,1.636741752,13.8357456,0.193107589,agm86c
93.89277548,163.5,5.527413626,2.091867735,14.69185319,0.160967435,agm86c
96.00331606,164,5.982792875,2.738016978,15.65672608,0.169090019,agm86c
93.76002906,164.5,5.648054115,2.110539691,15.75270715,0.13528973,agm86c
95.34532768,165,6.021880527,2.571366055,16.51240589,0.136860033,agm86c
93.72499742,165.5,5.7256314,2.118238567,16.58280086,0.11493717,agm86c
93.55366603,166,5.705827782,2.067349962,16.85543587,0.106268647,agm86c
94.38191982,166.5,5.907924755,2.266764224,17.23334644,0.102098774,agm86c
89.08185237,167,4.416736016,1.112116956,16.66651098,0.181770001,agm86c
91.73247854,167.5,5.207944635,1.579006397,16.96555729,0.095937473,agm86c
95.16805951,168,6.037746408,2.336418376,17.54035745,0.093432662,agm86c
95.95876876,168.5,6.151858941,2.46396829,17.59572682,0.101898259,agm86c
94.8045969,169,5.896117908,2.094836064,17.14110189,0.078218626,agm86c
96.15141187,169.5,6.101273782,2.312470603,17.17059131,0.094662865,agm86c
93.28464404,170,5.45537663,1.603914464,16.2451853,0.057878906,agm86c
95.24071416,170.5,5.838861818,1.883990698,16.23841771,0.06902434,agm86c
90.57907752,171,4.606794953,1.01437073,15.09484991,0.062357361,agm86c
95.37938315,171.5,5.751687975,1.659909383,15.36141399,0.060593663,agm86c
95.79050057,172,5.764229876,1.591341055,14.95519576,0.060399369,agm86c
94.02958629,172.5,5.365908086,1.203407468,14.08229851,0.039394692,agm86c
93.93536743,173,5.290764174,1.072710089,13.54866826,0.034765237,agm86c
91.00530571,173.5,4.491493095,0.674678604,12.6698885,0.031361642,agm86c
95.30472923,174,5.453522072,0.9663512,12.78864871,0.034397927,agm86c
94.71105491,174.5,5.294894071,0.784042019,12.18257282,0.026304722,agm86c
89.65205237,175,3.96739114,0.363442492,11.18812718,0.024631338,agm86c
95.84255973,175.5,5.393243534,0.61534785,11.51083458,0.023256338,agm86c
91.45985676,176,4.415993806,0.306628013,10.4658127,0.011836653,agm86c
92.78387745,176.5,4.721066708,0.279515892,10.24345222,0.008921179,agm86c
90.53508978,177,4.101209803,0.158799494,9.752741186,0.007630005,agm86c
96.95996469,177.5,5.387947549,0.224459768,10.39954468,0.009758369,agm86c
94.18107706,178,4.947678821,0.110529389,9.6323625,0.003549992,agm86c
90.39308401,178.5,4.004404029,0.040265323,9.09552633,0.001977486,agm86c
91.19987222,179,4.218102125,0.019933561,9.01059393,0.000788918,agm86c
95.71131754,179.5,5.169468642,0.008201065,9.524211192,0.000305699,agm86c
91.96991687,180,4.411183467,1.47E-24,8.967242336,2.16E-24,agm86c
89.01014736,0,24.43501875,0.000683607,32.34668541,0.000285704,kepd350
90.54658416,0.5,25.78808363,0.010792551,32.39473194,0.000930973,kepd350
93.68004879,1,25.56257657,0.018684904,31.33735002,0.009354365,kepd350
91.80246483,1.5,26.04947942,0.053258557,31.38034445,0.012273822,kepd350
95.5827018,2,23.24154526,0.061084333,28.93900567,0.085906038,kepd350
90.39303196,2.5,25.16974203,0.1992085,29.78845157,0.041796866,kepd350
94.68396326,3,23.99914848,0.119049185,27.435552,0.144342568,kepd350
91.43188842,3.5,25.12395469,0.279907982,27.26550993,0.073528013,kepd350
89.73129015,4,23.82955999,0.577204909,25.90301595,0.132250099,kepd350
90.1785073,4.5,23.83396385,0.635120052,24.3586741,0.143169677,kepd350
96.90806779,5,19.64779894,0.401408082,20.27232615,0.756644658,kepd350
89.95263786,5.5,22.83743561,0.973473279,21.0039888,0.221759192,kepd350
89.07138132,6,21.56226414,1.436250414,19.23492231,0.354000132,kepd350
93.25331327,6.5,22.45509745,0.534786492,16.98907075,0.377292482,kepd350
93.81411307,7,21.63357708,0.550861958,15.1136725,0.525210862,kepd350
90.32999586,7.5,21.02368476,1.49480283,14.05407717,0.336499036,kepd350
92.60628714,8,20.95393535,0.872463511,12.16667148,0.431644639,kepd350
89.45644718,8.5,19.15408194,2.315483602,10.93426729,0.525907196,kepd350
95.26655336,9,18.15912451,0.767997895,8.773305575,1.279912017,kepd350
93.15900926,9.5,18.87855663,0.992652083,8.032427675,0.673798421,kepd350
96.00774577,10,16.17514958,0.95143677,6.535233374,1.834122403,kepd350
96.64719865,10.5,14.83780295,1.120642851,5.669434237,2.300434511,kepd350
93.31473202,11,16.71105605,1.17049157,5.500640596,0.862906533,kepd350
92.69659065,11.5,16.08671198,1.429487757,5.071053012,0.73677336,kepd350
95.89775625,12,13.73880921,1.129146303,4.755947889,2.177824883,kepd350
95.23726651,12.5,13.5829754,1.11507064,4.833353202,1.869880218,kepd350
96.97436515,13,11.44409003,1.416357787,5.056289418,3.034274924,kepd350
93.89194151,13.5,12.80961807,1.314527177,5.444373565,1.289186448,kepd350
91.12971125,14,12.02340294,2.679860148,5.646353262,0.619165174,kepd350
95.72095306,14.5,10.52130353,1.263681864,6.993791059,2.353914433,kepd350
92.00685855,15,10.68082358,2.209786237,7.427189592,0.743224061,kepd350
94.41749419,15.5,9.742815464,1.352630148,8.93024848,1.638954934,kepd350
89.07053681,16,8.110715489,4.837640936,8.72091903,0.845714233,kepd350
91.20709787,16.5,8.316299229,2.848411307,10.70105923,0.639850322,kepd350
93.70329374,17,7.84143245,1.571107647,12.71929184,1.309087257,kepd350
95.70086095,17.5,6.763871524,1.322248396,14.40768292,2.323985883,kepd350
92.87944467,18,6.58506805,1.88870559,15.43064206,0.985247421,kepd350
94.9498214,18.5,5.852259708,1.350639093,17.22973028,1.841101822,kepd350
92.66380594,19,5.406210869,1.972693876,18.27392412,0.895586436,kepd350
94.9553487,19.5,4.835191166,1.341769262,19.97837638,1.753909561,kepd350
93.79233038,20,4.444512469,1.547316528,21.1694882,1.226324064,kepd350
94.88003148,20.5,3.962848635,1.330137375,22.39386124,1.608434695,kepd350
93.57918978,21,3.593191989,1.567169544,23.40924633,1.081478099,kepd350
90.2124573,21.5,2.693203263,3.068033896,23.52218612,0.430534985,kepd350
92.40131906,22,2.793921676,1.873868452,25.01524465,0.705044265,kepd350
93.13696044,22.5,2.58459354,1.58759238,25.71761141,0.845421199,kepd350
95.01229139,23,2.393321731,1.219752987,25.92027266,1.297392213,kepd350
90.35196711,23.5,1.723157162,2.457388723,26.03682731,0.354870284,kepd350
92.93507411,24,1.931445014,1.483498957,26.48854997,0.691682323,kepd350
94.59802363,24.5,1.866950371,1.171036086,26.01274173,0.970903266,kepd350
90.18016347,25,1.334690188,2.078665764,25.93276992,0.290944879,kepd350
90.13278933,25.5,1.269029314,1.938681074,25.53399453,0.27323909,kepd350
94.54304273,26,1.576073302,1.062138029,24.35832477,0.756259502,kepd350
92.4123707,26.5,1.446625488,1.226395164,24.1513862,0.450897169,kepd350
96.7328328,27,1.348338688,0.954682699,21.09972242,0.832128711,kepd350
90.22604425,27.5,1.233919905,1.328285351,22.29982097,0.236832603,kepd350
95.57338428,28,1.349191528,0.878831976,19.37127894,0.578260786,kepd350
90.53080515,28.5,1.280296756,1.039119815,19.83005383,0.237459333,kepd350
95.53746954,29,1.270329298,0.804556596,16.55780505,0.447105657,kepd350
90.24450779,29.5,1.265259866,0.829115123,17.03197749,0.211031289,kepd350
94.85605605,30,1.227235745,0.710116044,13.94477737,0.32543969,kepd350
91.23671111,30.5,1.260022444,0.619281174,13.84026229,0.220518931,kepd350
94.4579482,31,1.135214951,0.60906567,11.11675985,0.243710386,kepd350
94.77526252,31.5,1.041931603,0.576220871,9.492568876,0.214998772,kepd350
89.98422065,32,1.047200374,0.373641978,9.570454661,0.186872098,kepd350
95.67725466,32.5,0.821907354,0.53878751,6.371444734,0.167340228,kepd350
93.13614818,33,0.863214452,0.368344659,6.105597493,0.146455587,kepd350
92.40969352,33.5,0.775717666,0.290247367,5.123088548,0.137671632,kepd350
96.59470736,34,0.616204797,0.48427812,2.887462782,0.134091126,kepd350
93.3963247,34.5,0.59570786,0.259611412,2.89955359,0.104660231,kepd350
92.77377319,35,0.518081608,0.193761198,2.234606191,0.100943512,kepd350
95.77571213,35.5,0.630161227,0.328991471,1.19140352,0.105989527,kepd350
92.64874802,36,0.443676601,0.129824064,1.109078489,0.08907794,kepd350
96.86359809,36.5,0.969872838,0.33523192,0.625817075,0.140567696,kepd350
94.91346857,37,0.842377103,0.191381527,0.586857881,0.09040526,kepd350
90.56805696,37.5,0.349358454,0.017111768,0.476135363,0.126605081,kepd350
95.71542911,38,1.480189126,0.18761339,0.91657641,0.114328195,kepd350
93.0072974,38.5,1.129940464,0.052018807,0.902919901,0.080111986,kepd350
89.21996938,39,0.617851802,0.028996438,0.831917494,0.187591417,kepd350
93.58057874,39.5,1.995185721,0.049394939,1.818928625,0.086822036,kepd350
93.25053566,40,2.342040679,0.0339879,2.306651741,0.089485941,kepd350
95.74429364,40.5,3.84019534,0.111981519,3.5117845,0.128310037,kepd350
94.26079049,41,3.824413448,0.052162324,3.80690776,0.102950712,kepd350
95.73709065,41.5,5.120298068,0.100507135,4.877897091,0.127662847,kepd350
89.87957595,42,3.211088381,0.082991296,4.122241733,0.189041124,kepd350
91.51268092,42.5,4.468299916,0.045211772,5.100669996,0.138103967,kepd350
91.28865632,43,4.96544148,0.061681334,5.632299993,0.151990225,kepd350
90.12224928,43.5,4.981218944,0.119544962,5.884288318,0.206267595,kepd350
95.67693066,44,8.292689922,0.119139742,7.61342905,0.108489044,kepd350
93.80194023,44.5,7.905587295,0.08322916,7.497588924,0.112697634,kepd350
91.02176379,45,6.896280781,0.129448358,7.104401489,0.190456522,kepd350
89.01295435,45.5,6.119335399,0.263416616,6.778505676,0.30777836,kepd350
95.44991519,46,9.584368053,0.169478814,7.967030556,0.084077133,kepd350
90.68459854,46.5,7.433717358,0.193905892,6.992990332,0.220160347,kepd350
93.42554059,47,8.80297854,0.162419332,7.17252125,0.113092002,kepd350
89.91026721,47.5,6.900439084,0.264982879,6.219314887,0.266656193,kepd350
95.01774564,48,8.831556302,0.233916236,6.382082806,0.067319846,kepd350
93.34743015,48.5,7.864019431,0.219717596,5.642441141,0.105631341,kepd350
92.49370164,49,7.013067837,0.236079742,4.914491386,0.131391174,kepd350
94.56965096,49.5,6.932143086,0.281118209,4.38517955,0.064469703,kepd350
92.49346495,50,5.659085942,0.269238612,3.562079791,0.121927702,kepd350
93.62293275,50.5,5.14990536,0.295575923,2.985485418,0.082025722,kepd350
94.02933598,51,4.372898465,0.319276701,2.406769645,0.068990361,kepd350
93.03319409,51.5,3.376580413,0.314963073,1.829826333,0.091111853,kepd350
94.56614374,52,2.765184358,0.359066625,1.522408299,0.056483627,kepd350
90.51961327,52.5,1.44997027,0.323417867,0.952287717,0.153251391,kepd350
90.42700077,53,0.908411676,0.323674561,0.820873547,0.144499518,kepd350
92.65966748,53.5,0.755253567,0.339990092,1.045310519,0.087657212,kepd350
89.78018192,54,0.218184073,0.316585047,1.015907573,0.136361848,kepd350
89.75523382,54.5,0.168851511,0.308833388,1.390618757,0.124144427,kepd350
96.45191612,55,0.520729803,0.426723067,2.63316204,0.075953305,kepd350
96.15680908,55.5,0.739387345,0.411434848,3.31844276,0.087404146,kepd350
90.81854713,56,1.022339222,0.295914571,3.526236944,0.092690563,kepd350
92.28569384,56.5,1.575832539,0.313732571,4.604825229,0.096301294,kepd350
94.02456155,57,2.325995662,0.338030639,5.813630161,0.114128872,kepd350
92.61290682,57.5,3.165309875,0.3004986,6.663321707,0.111939906,kepd350
93.78262566,58,4.101848707,0.310593294,7.827236298,0.135473098,kepd350
95.8383371,58.5,5.213278296,0.331049398,9.039069111,0.172293273,kepd350
93.99822287,59,6.055872558,0.289285959,9.701883812,0.166988574,kepd350
93.52597049,59.5,6.975659215,0.269277395,10.40421302,0.175571021,kepd350
90.47430124,60,8.019323655,0.20594406,10.61612353,0.126710909,kepd350
93.44113893,60.5,8.508061605,0.245453772,11.41858258,0.209534886,kepd350
90.94291722,61,9.179630946,0.195032684,11.32466369,0.16778583,kepd350
93.83781701,61.5,9.357977828,0.23386903,11.68505855,0.259316881,kepd350
93.67684358,62,9.471843614,0.224827868,11.46201714,0.27879519,kepd350
92.95558603,62.5,9.379710092,0.208321086,10.97415071,0.285468715,kepd350
94.92593067,63,8.98723835,0.238509298,10.5230498,0.35382998,kepd350
93.96305935,63.5,8.468467205,0.222415638,9.673156003,0.362292891,kepd350
95.43607156,64,7.686628883,0.24979066,8.834990028,0.415848251,kepd350
93.60836614,64.5,6.878584003,0.222741706,7.684139702,0.412129167,kepd350
96.2923864,65,5.783650307,0.275004811,6.731839309,0.479424943,kepd350
94.82129961,65.5,4.831713577,0.260371352,5.544299883,0.49670864,kepd350
94.34227942,66,3.814035502,0.263658613,4.407865863,0.521430067,kepd350
91.52015849,66.5,2.806004224,0.22580141,3.14349734,0.483072765,kepd350
91.44657566,67,1.901384977,0.241776775,2.227646477,0.516998588,kepd350
89.86862037,67.5,1.065068615,0.231088613,1.366186635,0.493889712,kepd350
95.80975202,68,0.615519846,0.347187624,1.015628528,0.658185506,kepd350
90.23909348,68.5,0.167299323,0.289251832,0.488116933,0.589893966,kepd350
89.63478433,69,0.030874641,0.308100106,0.375521622,0.607756743,kepd350
94.12788574,69.5,0.18592264,0.400935828,0.276176386,0.753064665,kepd350
93.36070514,70,0.457589197,0.423949286,0.521490858,0.781839218,kepd350
92.27180145,70.5,0.931051071,0.44835655,1.058691361,0.804788743,kepd350
92.7244876,71,1.55399954,0.485783685,1.636592043,0.844409216,kepd350
90.22127027,71.5,2.451509487,0.510141129,2.898152495,0.842072258,kepd350
94.90388522,72,3.047792466,0.54703477,2.892771239,0.892632965,kepd350
95.61351539,72.5,3.838857976,0.571399412,3.655956975,0.903231368,kepd350
95.98674927,73,4.582983196,0.598093892,4.507157054,0.915567708,kepd350
91.40062109,73.5,5.502246603,0.683979975,6.787264469,0.994000429,kepd350
90.01783831,74,6.328868208,0.73839402,8.243760387,1.019615928,kepd350
95.27966908,74.5,6.109297131,0.707054537,7.424893413,0.976942587,kepd350
93.87718654,75,6.369681884,0.76449412,8.640300048,1.017735034,kepd350
89.57833877,75.5,7.103733278,0.876717996,10.67529209,1.093511738,kepd350
94.23079153,76,6.192781311,0.826538501,9.577516666,1.023850539,kepd350
89.83850221,76.5,6.540418307,0.949795831,11.15758819,1.118218844,kepd350
90.81672126,77,5.892731166,0.96131408,10.86719649,1.105166388,kepd350
96.3597537,77.5,4.834881867,0.9016564,9.31016444,0.984244283,kepd350
94.30227406,78,4.469986888,0.947075618,9.608448359,1.008183054,kepd350
92.94027811,78.5,4.145445828,0.991399203,9.463547319,1.026380425,kepd350
92.97455892,79,3.817910748,1.010142109,8.950886077,1.007439948,kepd350
93.07406796,79.5,3.674312012,1.024513756,8.395293326,0.98285997,kepd350
94.50525687,80,3.702240203,1.030856093,7.898604346,0.932400042,kepd350
93.85019413,80.5,4.166199756,1.041783479,7.445333694,0.913126267,kepd350
89.04729196,81,4.546883946,1.094229795,6.32382927,0.983922851,kepd350
89.80508375,81.5,5.67382307,1.067670546,6.05035584,0.924311968,kepd350
95.90588171,82,7.373348846,1.093019398,7.51788043,0.812663006,kepd350
94.97863694,82.5,9.375278774,1.062654715,7.541405278,0.765795548,kepd350
92.04096322,83,11.49523299,0.996924784,6.985122709,0.73868118,kepd350
93.42245046,83.5,14.17671547,0.993991549,8.143071034,0.677651814,kepd350
96.64566182,84,16.74268948,1.105227251,10.37312342,0.67439528,kepd350
90.41268902,84.5,19.14993084,0.881728324,8.900503513,0.609501395,kepd350
90.05315997,85,22.01455817,0.832997969,9.999155398,0.561824632,kepd350
96.6136748,85.5,26.20640754,1.031462836,13.93162746,0.539490921,kepd350
89.22273678,86,27.67158731,0.721745195,12.51213501,0.468872957,kepd350
89.44742168,86.5,30.68305545,0.672699739,14.01906379,0.419289018,kepd350
90.05318531,87,33.6655271,0.633531477,15.52540782,0.371164279,kepd350
95.91445236,87.5,37.9416004,0.829314043,18.08564815,0.350162493,kepd350
94.7731577,88,39.88185049,0.718915439,18.4773779,0.297627784,kepd350
89.11746252,88.5,39.36300053,0.462173662,18.2149331,0.265123203,kepd350
94.6632366,89,42.86047011,0.627035029,18.93654389,0.23929519,kepd350
90.74049462,89.5,41.91951145,0.42274026,18.61831474,0.211795492,kepd350
90.35147072,90,41.99192756,0.372204988,18.23405459,0.192858274,kepd350
91.72786118,90.5,42.24468415,0.385750655,17.3343439,0.178768362,kepd350
91.94059106,91,41.57887394,0.363194643,16.17428173,0.16835352,kepd350
95.4191423,91.5,42.45682806,0.490859845,14.24795672,0.170920262,kepd350
93.21230739,92,39.41125272,0.363858814,12.88792265,0.159418751,kepd350
95.38547377,92.5,38.97801823,0.442461087,10.70621807,0.16615062,kepd350
90.15860111,93,33.99726933,0.211600614,10.02429512,0.146923914,kepd350
92.21930022,93.5,32.12189593,0.270720719,7.640419228,0.15697512,kepd350
90.09249394,94,28.84000732,0.182086086,6.465880527,0.149892199,kepd350
89.52940132,94.5,26.03326825,0.153908822,5.005037059,0.150749737,kepd350
93.58674372,95,24.40499861,0.29453985,2.633297374,0.175080178,kepd350
93.38433241,95.5,21.39085428,0.277159322,1.56371501,0.178914168,kepd350
91.49074966,96,17.83902541,0.193896453,1.035201053,0.175095467,kepd350
95.46414421,96.5,17.04916348,0.350772337,0.119272346,0.204190043,kepd350
91.27411819,97,12.59872059,0.170836969,0.239669986,0.187386823,kepd350
96.16181387,97.5,12.31945365,0.357695545,0.236066926,0.220261377,kepd350
94.95034551,98,9.336077348,0.293288151,0.68597364,0.215347168,kepd350
91.88912515,98.5,6.404129642,0.166497562,1.212775055,0.212532325,kepd350
90.82809169,99,4.658948145,0.12428444,1.935024314,0.224577747,kepd350
90.83551014,99.5,3.321593086,0.116042178,2.879899565,0.236850722,kepd350
93.33935176,100,2.553707253,0.179681884,4.406318906,0.244920646,kepd350
89.4304398,100.5,1.371904798,0.06724978,4.787708601,0.2717765,kepd350
93.19736982,101,1.033052639,0.149408976,6.895821978,0.275060748,kepd350
89.7573874,101.5,0.442370779,0.061109566,7.159611672,0.302897738,kepd350
96.1321369,102,0.768788596,0.192016449,10.16466087,0.309568296,kepd350
90.17239382,102.5,0.308900687,0.056577275,9.47954906,0.338608627,kepd350
96.45290042,103,0.804836421,0.168123093,12.48884471,0.356491615,kepd350
89.37672332,103.5,0.737818335,0.035598258,11.00767005,0.373202986,kepd350
91.69138542,104,1.1099056,0.065695727,12.66592337,0.408294111,kepd350
92.18882636,104.5,1.517567519,0.069625902,13.48369527,0.43669798,kepd350
96.56929618,105,2.1251412,0.139084387,15.3661514,0.481008766,kepd350
93.27388722,105.5,2.380350172,0.082475798,14.72737,0.5008807,kepd350
94.54819279,106,2.818493925,0.103842303,15.35696646,0.542034131,kepd350
91.07324325,106.5,3.071117189,0.046667672,14.32380591,0.512222045,kepd350
93.20482294,107,3.369393448,0.081856011,15.05129735,0.580983732,kepd350
92.18951198,107.5,3.530208221,0.065711388,14.66011878,0.58036917,kepd350
93.68438846,108,3.673008806,0.09398009,14.90840256,0.637769396,kepd350
94.4721546,108.5,3.718460545,0.110721398,14.83115853,0.675454855,kepd350
92.48410405,109,3.557592886,0.07560937,14.08147375,0.640714409,kepd350
89.05760277,109.5,3.459491062,0.033865137,12.93993815,0.489611269,kepd350
93.81244779,110,3.201881239,0.100432123,13.63509348,0.71045535,kepd350
93.61331602,110.5,2.906598651,0.096224363,13.20893459,0.715345533,kepd350
90.77865796,111,2.576310531,0.057387007,12.43646892,0.590461377,kepd350
89.03428172,111.5,2.33438732,0.050712607,11.85655614,0.475798163,kepd350
89.6581201,112,1.995913597,0.055906826,11.67668836,0.512749027,kepd350
95.840592,112.5,1.657650435,0.116637375,11.65961153,0.807701994,kepd350
95.48844288,113,1.386760513,0.104948012,11.26540239,0.805233572,kepd350
94.53193425,113.5,1.199819534,0.085322914,10.94460882,0.776786667,kepd350
93.24113418,114,1.141962665,0.065950146,10.69670465,0.714824735,kepd350
90.14225817,114.5,1.357295525,0.064269654,10.52518554,0.500856342,kepd350
94.82318792,115,1.190850818,0.071210712,10.00566101,0.785832288,kepd350
89.24874723,115.5,1.875644965,0.080322123,10.15465183,0.40607556,kepd350
94.15617836,116,1.754645233,0.052454139,9.578971186,0.738865692,kepd350
89.68372851,116.5,2.668276288,0.069215207,9.782332464,0.409842948,kepd350
96.58302216,117,2.379289256,0.10332317,8.635941209,0.852152529,kepd350
91.19974247,117.5,3.595438741,0.033592012,9.247825932,0.489838764,kepd350
96.85415526,118,3.399817937,0.125569878,8.032903672,0.850384628,kepd350
91.33811583,118.5,4.826948302,0.022974844,8.715426825,0.462181912,kepd350
91.94035511,119,5.345471119,0.016486562,8.346294612,0.484682615,kepd350
90.7490615,119.5,6.126859582,0.020716528,8.162198489,0.382128282,kepd350
90.92444371,120,6.619020667,0.01480714,7.796484994,0.373815109,kepd350
96.21804356,120.5,6.070085936,0.15054785,6.604065754,0.702763413,kepd350
96.22105511,121,6.400099337,0.165183265,6.240632445,0.670472366,kepd350
89.64106008,121.5,7.82292655,0.01792889,6.740816965,0.253998653,kepd350
90.37450546,122,7.816269532,0.009670601,6.256954938,0.270217124,kepd350
95.2069996,122.5,6.964225361,0.155886772,5.250528399,0.499445253,kepd350
90.68517007,123,7.617273529,0.01760681,5.377738962,0.249128664,kepd350
89.03021255,123.5,7.558743597,0.016605892,5.089639672,0.190814297,kepd350
89.91245232,124,7.11416603,0.02688156,4.615779416,0.198490609,kepd350
91.489256,124.5,6.514493888,0.074130714,4.094244865,0.222772845,kepd350
89.30865529,125,6.240202971,0.050017397,3.898114204,0.170281604,kepd350
90.51422063,125.5,5.6172331,0.096462422,3.463643476,0.173651485,kepd350
90.22817878,126,5.101998181,0.120906867,3.16694929,0.16002754,kepd350
96.08299293,126.5,3.989116839,0.393477972,2.372697016,0.291910531,kepd350
90.56537589,127,4.052267913,0.211297915,2.591460508,0.143176747,kepd350
94.16446698,127.5,3.309991841,0.371165119,2.077161057,0.187958646,kepd350
96.27306041,128,2.716848951,0.484940562,1.697072879,0.246078346,kepd350
96.37027933,128.5,2.403114021,0.516262541,1.520606336,0.237734034,kepd350
90.20621004,129,2.715061652,0.458829454,1.850116205,0.116517667,kepd350
93.55625538,129.5,2.331281001,0.551897779,1.481980306,0.129508424,kepd350
96.54407728,130,1.921276743,0.605646087,1.138134979,0.219973498,kepd350
93.62854894,130.5,2.292977494,0.677263574,1.285587551,0.116958701,kepd350
91.04233324,131,2.649194714,0.819149693,1.399414389,0.091186509,kepd350
91.80201089,131.5,2.758063172,0.894100977,1.292441354,0.085070413,kepd350
95.36186438,132,2.473117108,0.806338279,0.990204602,0.148818684,kepd350
89.56235093,132.5,3.395506424,1.238930961,1.360269003,0.104887654,kepd350
93.72584739,133,3.216763781,1.061993586,1.062606881,0.09116046,kepd350
90.58133689,133.5,3.872764427,1.435292636,1.259951826,0.07919723,kepd350
94.15465193,134,3.617781316,1.204137917,1.013903944,0.088062904,kepd350
93.83439876,134.5,3.879561216,1.337450259,1.035249103,0.075645679,kepd350
92.53044054,135,4.263224836,1.605771476,1.122514058,0.057594151,kepd350
92.17232317,135.5,4.419909919,1.772434898,1.147377753,0.053271355,kepd350
93.73759755,136,4.208137385,1.675432039,1.057955247,0.055700104,kepd350
96.59567285,136.5,3.576267225,1.367720355,0.913080536,0.100906913,kepd350
92.13378599,137,4.341714676,2.148942774,1.158175023,0.042417233,kepd350
90.48264055,137.5,4.311018515,2.50385955,1.23960341,0.057748043,kepd350
93.59556691,138,3.767168504,2.175923675,1.098592983,0.033419925,kepd350
94.01872766,138.5,3.443857923,2.237776997,1.092382476,0.030210955,kepd350
89.39704237,139,3.440446927,2.966050733,1.2434571,0.067896594,kepd350
91.08164249,139.5,3.035690707,2.857291435,1.169781333,0.039136731,kepd350
96.1625269,140,2.202430889,2.370589199,1.129060288,0.026106744,kepd350
94.82761133,140.5,2.011668826,2.659959864,1.145764124,0.020158744,kepd350
92.14853452,141,1.812802658,3.015119939,1.124162774,0.027471031,kepd350
96.23078823,141.5,1.230755412,2.849646098,1.25943953,0.022759594,kepd350
92.10487562,142,1.095528361,3.171996068,1.114882856,0.029269551,kepd350
91.82854826,142.5,0.7902237,3.241244653,1.102070541,0.032058784,kepd350
94.96282626,143,0.495786467,3.321772129,1.331346485,0.032301798,kepd350
94.91531722,143.5,0.311157239,3.443220631,1.38172601,0.03821581,kepd350
90.60138491,144,0.165825511,3.29526361,1.013780257,0.044065139,kepd350
94.44358181,144.5,0.103469306,3.617584402,1.450845129,0.049640723,kepd350
91.94275333,145,0.074437804,3.390150353,1.176244673,0.048526086,kepd350
89.87522154,145.5,0.112065879,3.141109649,0.934789263,0.063934401,kepd350
90.62463817,146,0.222309865,3.176278246,1.044615137,0.06561573,kepd350
94.23863245,146.5,0.36566533,3.853320545,1.719516683,0.077102719,kepd350
94.50099864,147,0.556395132,3.961988979,1.859771784,0.088456155,kepd350
89.63649311,147.5,0.886772307,2.791344105,0.940646944,0.115448467,kepd350
89.2224988,148,1.203749601,2.612597964,0.882445013,0.146700537,kepd350
91.4579339,148.5,1.447751096,3.042665509,1.383029185,0.102291265,kepd350
90.14145382,149,1.842137906,2.598192587,1.119186393,0.154325623,kepd350
89.54288958,149.5,2.230024287,2.33899229,1.01094707,0.206190729,kepd350
94.79936492,150,2.253164222,4.142444967,2.439700675,0.131393795,kepd350
94.55215227,150.5,2.575710597,4.002332863,2.424632135,0.126297688,kepd350
94.23914648,151,2.894791323,3.810353762,2.372968858,0.119921055,kepd350
89.7865101,151.5,3.569878621,1.934248293,1.142817998,0.30828031,kepd350
89.39721058,152,3.89618244,1.704463266,1.054488023,0.387359181,kepd350
92.712395,152.5,3.805315903,2.850279902,1.941554769,0.134375762,kepd350
94.82288353,153,3.773543852,3.85755471,2.546936516,0.132102169,kepd350
94.43937812,153.5,3.971472015,3.558570366,2.38348368,0.117152134,kepd350
91.97690152,154,4.388660017,2.204412379,1.631665383,0.202901626,kepd350
89.3998559,154.5,4.826630395,1.153894482,0.993431096,0.606382334,kepd350
90.35646016,155,4.762944442,1.348764623,1.145490531,0.461961409,kepd350
91.48456652,155.5,4.634734541,1.674476182,1.31530273,0.301833739,kepd350
90.69978562,156,4.743373004,1.272535651,1.091692553,0.456127176,kepd350
92.8771995,156.5,4.393093408,2.098315515,1.403281396,0.154834184,kepd350
92.51892281,157,4.377683186,1.821861818,1.220974673,0.197111772,kepd350
93.84759729,157.5,4.099626884,2.375975144,1.313834456,0.086153876,kepd350
92.20858149,158,4.231337563,1.4846925,0.956422582,0.254732425,kepd350
95.74119685,158.5,3.608109066,3.207975181,1.281496474,0.092867643,kepd350
93.9865716,159,3.712644484,2.110783581,0.904752453,0.06807771,kepd350
89.42787179,159.5,4.356141561,0.414528307,0.680567611,1.025310058,kepd350
95.90829755,160,3.157072197,2.904519411,0.791033774,0.074741433,kepd350
91.45124126,160.5,3.719584451,0.7967394,0.618059686,0.46019942,kepd350
89.21377259,161,4.04800515,0.259963146,0.807847322,1.188764785,kepd350
92.12939908,161.5,3.355258419,0.875517397,0.623510204,0.321789655,kepd350
89.24840227,162,3.848282677,0.205077507,1.01760651,1.212082052,kepd350
95.86350995,162.5,2.491937734,2.22202754,0.482538052,0.032265705,kepd350
92.21526545,163,3.070299996,0.710339795,0.944235524,0.315865358,kepd350
93.89277548,163.5,2.669766794,1.180381892,0.919419178,0.061438494,kepd350
96.00331606,164,2.208236605,1.916054982,0.867832072,0.026575622,kepd350
93.76002906,164.5,2.616341094,0.979237303,1.476651418,0.075599213,kepd350
95.34532768,165,2.25595592,1.435528524,1.569321432,0.000489329,kepd350
93.72499742,165.5,2.624003231,0.82999996,2.288795757,0.08059877,kepd350
93.55366603,166,2.696890778,0.721857412,2.830394524,0.099753585,kepd350
94.38191982,166.5,2.530727874,0.875852407,3.245860691,0.028688558,kepd350
89.08185237,167,4.004799308,0.062706249,4.707707101,1.156471048,kepd350
91.73247854,167.5,3.425242174,0.247949987,5.093888897,0.385561124,kepd350
95.16805951,168,2.523455209,0.863238038,5.237972547,0.006348351,kepd350
95.95876876,168.5,2.376246382,0.977875385,5.901867397,0.016109766,kepd350
94.8045969,169,2.845171518,0.649138598,7.112048569,0.016808097,kepd350
96.15141187,169.5,2.515447513,0.856761973,7.759248477,0.023216871,kepd350
93.28464404,170,3.641993931,0.310230646,9.398545042,0.110358118,kepd350
95.24071416,170.5,3.085439899,0.549800943,10.13090656,0.012529635,kepd350
90.57907752,171,4.89492816,0.056430978,11.50031848,0.447831304,kepd350
95.37938315,171.5,3.318940964,0.458821865,12.38498616,0.013153535,kepd350
95.79050057,172,3.297003607,0.456625287,13.46126443,0.015204765,kepd350
94.02958629,172.5,4.184888584,0.230573067,14.96093075,0.041173704,kepd350
93.93536743,173,4.388948624,0.194110314,16.13396208,0.041288399,kepd350
91.00530571,173.5,5.709649319,0.038261615,16.88462262,0.225966648,kepd350
95.30472923,174,4.082358189,0.226476287,18.26750933,0.011419073,kepd350
94.71105491,174.5,4.498460511,0.158837827,19.45913967,0.014727817,kepd350
89.65205237,175,6.639707385,0.013161192,19.16356612,0.232754409,kepd350
95.84255973,175.5,4.203485176,0.150754802,21.32409811,0.008272818,kepd350
91.45985676,176,6.335615904,0.02028908,21.81446457,0.077826604,kepd350
92.78387745,176.5,5.904304344,0.031492877,23.06500333,0.030231283,kepd350
90.53508978,177,6.90018203,0.007496536,22.75421405,0.065881863,kepd350
96.95996469,177.5,3.983201513,0.063951438,24.16473238,0.005997098,kepd350
94.18107706,178,5.493322974,0.019510391,25.18754881,0.003751941,kepd350
90.39308401,178.5,7.1820992,0.002493142,24.08378721,0.018214292,kepd350
91.19987222,179,6.941215142,0.001989436,24.895092,0.006137606,kepd350
95.71131754,179.5,4.802044841,0.002757372,26.02030863,3.28E-05,kepd350
91.96991687,180,6.665334276,0.0002456,25.54084095,8.76E-05,kepd350
